source,target,importance
A2M,A2M,1.0
AAK1,AAK1,1.0
ABCA1,ABCA1,1.0
ABCA4,ABCA4,1.0
PRSS22,ABCB1,0.41187963
ABCB1,ABCB1,1.0
ABCG2,ABCG2,1.0
CCL4,ABI3BP,0.6577813
ABI3BP,ABI3BP,1.0
ACAN,ACAN,1.0
ACRBP,ACRBP,0.9999348
ACSL1,ACSL1,0.99971914
ACSM3,ACSM3,0.9998826
ACSM5,ACSM5,1.0
ACTA2,ACTA2,1.0
RGMA,ACTC1,0.48653296
ACTC1,ACTC1,1.0
ACTG1,ACTG1,0.9999999
ADAMTS20,ADAMTS20,1.0
ADAMTS8,ADAMTS8,1.0
ADGRE1,ADGRE1,1.0
ADGRE3,ADGRE3,1.0
ADGRF1,ADGRF1,1.0
ADGRG5,ADGRG5,1.0
CD300LF,ADH6,0.4272246
ADH6,ADH6,1.0
ADM,ADM,0.9997424
ADORA3,ADORA3,0.999868
AGXT,AGXT,1.0
AHR,AHR,0.99994177
CORO1A,AIF1,0.4068587
ARHGDIB,AIF1,0.41084462
TYROBP,AIF1,0.46367088
LST1,AIF1,0.5438581
AIF1,AIF1,0.99993026
AK8,AK8,0.99977165
AKAP12,AKAP12,1.0
ALAS1,ALAS1,0.9998997
HBZ,ALAS2,0.44020247
ALAS2,ALAS2,1.0
ALDH1L1,ALDH1L1,0.999758
PPP2R2C,ALDH3B2,0.7768449
ALDH3B2,ALDH3B2,1.0
ALDH7A1,ALDH7A1,1.0
ALOX15,ALOX15,1.0
ALOX5AP,ALOX5AP,1.0
AMER3,AMER3,1.0
AMIGO2,AMIGO2,1.0
ANGPTL1,ANGPTL1,1.0
ANGPTL3,ANGPTL3,1.0
ANGPTL8,ANGPTL8,1.0
ANKK1,ANKK1,1.0
ANKRD10,ANKRD10,0.999915
ANKRD55,ANKRD55,0.9999452
ANKRD62,ANKRD62,1.0
DSC1,ANKRD7,0.40686426
ANKRD7,ANKRD7,1.0
ANKS4B,ANKS4B,1.0
ANKUB1,ANKUB1,1.0
ANXA1,ANXA1,0.9999622
ANXA2R,ANXA2R,1.0
APBB1IP,APBB1IP,1.0
APCDD1,APCDD1,1.0
APOBEC3A,APOBEC3A,0.99978185
APOC3,APOC3,1.0
APOD,APOD,1.0
APOE,APOE,1.0
APOF,APOF,1.0
PAEP,APP,0.48784715
TFPI2,APP,0.5663944
APP,APP,1.0
AQP12B,AQP12B,1.0
ARAP3,ARAP3,0.99964696
AREG,AREG,1.0
AIF1,ARHGDIB,0.41084462
TYROBP,ARHGDIB,0.45360792
LST1,ARHGDIB,0.4825503
ARHGDIB,ARHGDIB,0.99998313
ARHGEF28,ARHGEF28,1.0
ARID1A,ARID1A,1.0
ARID5B,ARID5B,0.99985236
ARPC1B,ARPC1B,1.0
ARRDC3,ARRDC3,0.9998962
ARSI,ARSI,1.0
ASAH1,ASAH1,1.0
CD44,ASB4,0.4820035
MARCKS,ASB4,0.60465735
GUCA2B,ASB4,0.6423878
ASB4,ASB4,1.0
ASGR2,ASGR2,1.0
TOP2B,ASPM,0.40151533
ASPM,ASPM,1.0
ATCAY,ATCAY,1.0
ATF3,ATF3,0.99972034
ATF7IP2,ATF7IP2,0.99994653
ATG16L2,ATG16L2,1.0
ATL1,ATL1,1.0
CELA3A,ATP8A1,0.554921
ATP8A1,ATP8A1,1.0
MRAP,ATP9A,0.46881625
LALBA,ATP9A,0.5263767
ATP9A,ATP9A,1.0
CDCA8,AURKA,0.40099332
PLK1,AURKA,0.40245298
CENPF,AURKA,0.40891403
PIF1,AURKA,0.446145
TOP2B,AURKA,0.46462306
AURKA,AURKA,0.9999842
TBX3,AVP,0.45009813
AVP,AVP,1.0
B2M,B2M,0.9999997
BAALC,BAALC,1.0
BAK1,BAK1,1.0
BARX1,BARX1,1.0
BATF3,BATF3,1.0
BCL2A1,BCL2A1,1.0
BCL2L11,BCL2L11,1.0
BCORL1,BCORL1,0.9998541
BEND2,BEND2,1.0
BFSP2,BFSP2,1.0
BIRC3,BIRC3,0.99964166
HBG2,BLVRB,0.4315647
HBZ,BLVRB,0.46031365
BLVRB,BLVRB,0.99992377
LRRC15,BMP10,0.7688554
PMEPA1,BMP10,0.9433575
BMP10,BMP10,1.0
BPGM,BPGM,1.0
BPIFB1,BPIFB1,1.0
BRI3,BRI3,0.999951
BSDC1,BSDC1,0.9999158
BST2,BST2,0.9997796
BTBD16,BTBD16,1.0
BTG1,BTG1,0.99997884
BTG2,BTG2,0.99968165
BTLA,BTLA,1.0
BTNL8,BTNL8,1.0
C11orf96,C11orf96,1.0
C16orf89,C16orf89,1.0
C17orf99,C17orf99,0.99989915
CNR2,C1QB,0.4233095
NWD1,C1QB,0.5002339
SAMD4A,C1QB,0.66027
GAST,C1QB,0.6708791
ELANE,C1QB,0.89336497
MUC17,C1QB,1.0
C1QB,C1QB,1.0
C1QTNF4,C1QTNF4,1.0
CACNA1A,C1orf210,0.46711132
C1orf210,C1orf210,1.0
C1orf56,C1orf56,0.999796
CA2,CA2,1.0
CA6,CA6,1.0
C1orf210,CACNA1A,0.46711132
CACNA1A,CACNA1A,1.0
CACNA1E,CACNA1E,1.0
CACNA1G,CACNA1G,1.0
CACNA1S,CACNA1S,1.0
CACNG8,CACNG8,1.0
CALHM3,CALHM3,1.0
CALM2,CALM2,1.0
CAMK1D,CAMK1D,1.0
CARTPT,CARTPT,1.0
CASP1,CASP1,1.0
CASP4,CASP4,0.9997919
CAV1,CAV1,1.0
CAV2,CAV2,1.0
CBFA2T3,CBFA2T3,0.9999215
CBL,CBL,0.9997806
CCDC141,CCDC141,1.0
CCDC144A,CCDC144A,1.0
CCDC60,CCDC60,1.0
NTM,CCDC70,0.8159731
CCDC70,CCDC70,1.0
CCDC74B,CCDC74B,1.0
CCDC80,CCDC80,0.99968386
CCL2,CCL2,0.9998262
CCL22,CCL22,1.0
CCL4,CCL3,0.4578261
CXCL8,CCL3,0.56531286
CCL3,CCL3,1.0
CXCL8,CCL4,0.45070022
CCL3,CCL4,0.4578261
ABI3BP,CCL4,0.6577813
CCL4,CCL4,1.0
CCL4L2,CCL4L2,1.0
CCL5,CCL5,0.9994628
CCM2L,CCM2L,1.0
CCNB1,CCNB1,0.9999984
CCR4,CCR4,1.0
CD101,CD101,1.0
CD200R1L,CD200R1L,1.0
CD209,CD209,1.0
CD24,CD24,0.99978954
CD244,CD244,1.0
CD248,CD248,1.0
ADH6,CD300LF,0.4272246
FOLR3,CD300LF,0.4698853
CD300LF,CD300LF,1.0
CD37,CD37,1.0
CD4,CD4,1.0
ASB4,CD44,0.4820035
MARCKS,CD44,0.706309
GUCA2B,CD44,0.75037897
CD44,CD44,1.0
CD48,CD48,1.0
CD52,CD52,0.9997432
CD59,CD59,0.99983823
CD63,CD63,1.0
CD68,CD68,1.0
CD69,CD69,1.0
CD7,CD7,1.0
CD74,CD74,0.99972516
TYROBP,CD84,0.45339307
LST1,CD84,0.45677707
CD84,CD84,0.99981666
CD86,CD86,1.0
CKS2,CDC20,0.4006814
PLK1,CDC20,0.41136914
UBE2S,CDC20,0.4584712
CDC20,CDC20,1.0
CDC42EP3,CDC42EP3,1.0
AURKA,CDCA8,0.40099332
PIF1,CDCA8,0.4225855
TOP2B,CDCA8,0.45148432
CDCA8,CDCA8,0.9998415
CDH15,CDH15,1.0
CDHR5,CDHR5,1.0
CDK15,CDK15,1.0
CDKN1A,CDKN1A,1.0
CDKN1B,CDKN1B,1.0
CDKN1C,CDKN1C,0.99973553
CEACAM20,CEACAM20,1.0
CEBPA,CEBPA,1.0
CEBPB,CEBPB,1.0
TYROBP,CEBPE,0.40045363
MYO1F,CEBPE,0.41777384
PNRC1,CEBPE,0.4251424
CSF3R,CEBPE,0.42536488
MS4A3,CEBPE,0.49272653
PLEK,CEBPE,0.5146845
LST1,CEBPE,0.57896537
CEBPE,CEBPE,1.0
ATP8A1,CELA3A,0.554921
CELA3A,CELA3A,1.0
CELF2,CELF2,0.9999516
CENPF,CENPE,0.40542507
CENPE,CENPE,0.99994624
CENPE,CENPF,0.40542507
AURKA,CENPF,0.40891403
PLK1,CENPF,0.4113464
PIF1,CENPF,0.4210853
CKS1B,CENPF,0.42596486
TPX2,CENPF,0.4288728
HMGB2,CENPF,0.46588057
TOP2B,CENPF,0.49716267
UBE2S,CENPF,0.5079334
CENPF,CENPF,1.0
CES4A,CES4A,1.0
CFAP46,CFAP46,1.0
CFD,CFD,1.0
CFH,CFH,1.0
PGC,CGA,0.44406903
CGA,CGA,1.0
CHI3L2,CHI3L2,0.9998332
CHRFAM7A,CHRFAM7A,1.0
CHST3,CHST3,1.0
CIB3,CIB3,1.0
CITED1,CITED1,0.99985236
CITED4,CITED4,1.0
CKMT2,CKMT2,1.0
TOP2B,CKS1B,0.41119945
CKS2,CKS1B,0.42352322
CENPF,CKS1B,0.42596486
HMGB2,CKS1B,0.50516087
UBE2S,CKS1B,0.507477
CKS1B,CKS1B,0.9999692
CDC20,CKS2,0.4006814
CKS1B,CKS2,0.42352322
HMGB2,CKS2,0.44277155
UBE2S,CKS2,0.48543966
CKS2,CKS2,1.0
JAML,CLC,0.4026349
PRG3,CLC,0.4074138
CSF3R,CLC,0.41384783
LST1,CLC,0.41405308
HP,CLC,0.42958224
PRG2,CLC,0.4690999
SRGN,CLC,0.5106849
NCF1,CLC,0.5979742
CLC,CLC,1.0
SH3RF2,CLDN14,0.796736
STMN4,CLDN14,0.81770295
DSCAM,CLDN14,1.0
CLDN14,CLDN14,1.0
CLDN19,CLDN19,1.0
CLDN6,CLDN6,0.99982923
CREB3L3,CLEC4E,0.4424293
P2RY6,CLEC4E,0.7003496
CLEC4E,CLEC4E,1.0
CLIC3,CLIC3,0.9998196
CLSPN,CLSPN,1.0
CMTM5,CMTM5,1.0
CNDP1,CNDP1,1.0
CNGB1,CNGB1,1.0
CNGB3,CNGB3,1.0
CNN1,CNN1,1.0
CNNM4,CNNM4,1.0
C1QB,CNR2,0.4233095
MUC17,CNR2,0.4233095
CNR2,CNR2,1.0
CNTLN,CNTLN,1.0
COL18A1,COL18A1,0.9998772
COL1A1,COL1A1,0.9997271
COL2A1,COL2A1,1.0
KRT79,COL6A1,0.4068811
COL6A1,COL6A1,1.0
COL9A2,COL9A2,1.0
AIF1,CORO1A,0.4068587
MS4A3,CORO1A,0.41948128
PLEK,CORO1A,0.428597
NCF1,CORO1A,0.43046874
CSF3R,CORO1A,0.45219728
TYROBP,CORO1A,0.48984745
LST1,CORO1A,0.55429953
CORO1A,CORO1A,1.0
LST1,COTL1,0.41171142
COTL1,COTL1,1.0
COX4I2,COX4I2,1.0
CR1,CR1,1.0
CLEC4E,CREB3L3,0.4424293
CREB3L3,CREB3L3,1.0
CREB5,CREB5,0.9999051
CREG1,CREG1,0.99993396
CREM,CREM,1.0
CRLF2,CRLF2,1.0
FEV,CRYBA2,0.45521683
CRYBA2,CRYBA2,0.9997841
CRYM,CRYM,1.0
CSF1R,CSF1R,0.99995714
CSF2RA,CSF2RA,1.0
SRGN,CSF3R,0.40467831
CLC,CSF3R,0.41384783
CEBPE,CSF3R,0.42536488
ITGB2,CSF3R,0.43429923
MS4A3,CSF3R,0.4415968
PNRC1,CSF3R,0.44360268
MYO1F,CSF3R,0.44440472
NCF1,CSF3R,0.44654503
CORO1A,CSF3R,0.45219728
PLEK,CSF3R,0.49386767
TYROBP,CSF3R,0.56432456
LST1,CSF3R,0.58555263
CSF3R,CSF3R,0.9998998
CSRNP1,CSRNP1,0.99985546
CSRP3,CSRP3,1.0
CST7,CST7,0.9997051
PASD1,CT45A3,0.45044932
FRMD7,CT45A3,0.7890653
CT45A3,CT45A3,1.0
CTNNB1,CTNNB1,0.9999413
CTSC,CTSC,1.0
CTSE,CTSE,1.0
CTSL,CTSL,0.99991333
CTSW,CTSW,0.99997073
CTTNBP2,CTTNBP2,1.0
CXCL10,CXCL10,1.0
CCL4,CXCL8,0.45070022
CCL3,CXCL8,0.56531286
CXCL8,CXCL8,1.0
CYB5D2,CYB5D2,0.9998374
CYBA,CYBA,0.99997824
CYP2A13,CYP2A13,1.0
CYP39A1,CYP39A1,1.0
CYP4F8,CYP4F8,1.0
CYSLTR1,CYSLTR1,0.9998018
CYSLTR2,CYSLTR2,1.0
CYTL1,CYTL1,1.0
DCST1,DCST1,1.0
DDC,DDC,1.0
DDIT3,DDIT3,0.99978137
DDIT4,DDIT4,0.9997454
DDX4,DDX4,1.0
DENND2A,DENND2A,1.0
DENND3,DENND3,0.99973184
DGKB,DGKB,1.0
DGKI,DGKI,1.0
DHRS2,DHRS2,1.0
DHRS9,DHRS9,0.9999657
DKK2,DKK2,0.9994953
DLK1,DLK1,0.99974537
DLL1,DLL1,1.0
DLX2,DLX2,0.9999117
DNAH2,DNAH2,1.0
DOK7,DOK7,1.0
DPP6,DPP6,1.0
DRAXIN,DRAXIN,1.0
ANKRD7,DSC1,0.40686426
DSC1,DSC1,1.0
SH3RF2,DSCAM,0.7967365
STMN4,DSCAM,0.8177034
DSCAM,DSCAM,1.0
CLDN14,DSCAM,1.0
DUOXA2,DUOXA2,1.0
DUSP1,DUSP1,1.0
DUSP5,DUSP5,0.9999087
DUSP9,DUSP9,0.9998238
ECM1,ECM1,1.0
EGR1,EGR1,0.9999779
EGR2,EGR2,1.0
EGR3,EGR3,1.0
EHF,EHF,1.0
NWD1,ELANE,0.4468615
SAMD4A,ELANE,0.58983266
GAST,ELANE,0.59931564
MUC17,ELANE,0.89336497
C1QB,ELANE,0.89336497
ELANE,ELANE,1.0
ELF3,ELF3,0.9999905
ELMOD1,ELMOD1,1.0
EMP1,EMP1,0.9998925
EMP3,EMP3,0.99999326
ENG,ENG,1.0
ENPP5,ENPP5,1.0
ENTPD1,ENTPD1,1.0
EPHB6,EPHB6,0.9999042
EPN3,EPN3,1.0
EPS8,EPS8,1.0
EPX,EPX,1.0
LILRA1,ERP27,0.5039352
ERP27,ERP27,1.0
ETS2,ETS2,0.9999226
EVA1A,EVA1A,1.0
EVI2A,EVI2A,1.0
EVI2B,EVI2B,0.9997741
EYS,EYS,0.99995494
F13B,F13B,1.0
F2RL2,F2RL2,0.999601
FABP2,FABP2,1.0
FABP3,FABP3,1.0
FABP7,FABP7,1.0
FAIM2,FAIM2,0.999634
FAM107A,FAM107A,1.0
FAM161B,FAM161B,0.9996973
FAM20A,FAM20A,1.0
FAM83A,FAM83A,0.9999182
FANCD2OS,FANCD2OS,1.0
FARP1,FARP1,1.0
FBLN1,FBLN1,1.0
FBP1,FBP1,1.0
FBXO43,FBXO43,1.0
FBXW10,FBXW10,1.0
FCER1G,FCER1G,1.0
FCER2,FCER2,1.0
FCGR1A,FCGR1A,0.9997834
FCGR2B,FCGR2B,1.0
FCN1,FCN1,1.0
FCRL2,FCRL2,1.0
CRYBA2,FEV,0.45521683
FEV,FEV,0.99974585
FEZ1,FEZ1,0.999916
FFAR4,FFAR4,1.0
SLCO2A1,FGF19,0.67435384
FGF19,FGF19,1.0
FGR,FGR,1.0
FILIP1L,FILIP1L,1.0
FLT1,FLT1,1.0
FLT3LG,FLT3LG,1.0
FMOD,FMOD,1.0
FN1,FN1,1.0
CD300LF,FOLR3,0.4698853
FOLR3,FOLR3,1.0
FOS,FOS,1.0
FOSB,FOSB,1.0
FOXA1,FOXA1,1.0
FOXA3,FOXA3,1.0
FOXF1,FOXF1,1.0
FOXL2,FOXL2,0.9998479
FOXO4,FOXO4,1.0
FPR1,FPR1,1.0
CT45A3,FRMD7,0.7890653
FRMD7,FRMD7,1.0
FRRS1L,FRRS1L,0.9998846
FTL,FTH1,0.5092773
FTH1,FTH1,1.0
FTH1,FTL,0.5092773
FTL,FTL,1.0
FUT7,FUT7,1.0
FXYD4,FXYD4,1.0
FXYD6,FXYD6,1.0
GABRA2,GABRA2,1.0
GABRE,GABRE,0.9998592
GAD1,GAD1,0.9999645
GADD45B,GADD45B,0.99957794
GAL,GAL,1.0
GAPT,GAPT,1.0
SAMD4A,GAST,0.44289297
ELANE,GAST,0.59931564
MUC17,GAST,0.6708791
C1QB,GAST,0.6708791
GAST,GAST,1.0
GBP2,GBP2,0.99987644
GDF15,GDF15,1.0
GFAP,GFAP,1.0
GIMAP8,GIMAP8,1.0
GKN2,GKN2,1.0
GLB1L2,GLB1L2,1.0
NCF1,GLIPR1,0.41475704
LST1,GLIPR1,0.4148509
TYROBP,GLIPR1,0.4233413
PLEK,GLIPR1,0.42347407
GLIPR1,GLIPR1,0.9999732
LST1,GLRX,0.4021644
GLRX,GLRX,0.9996695
GMFG,GMFG,1.0
GMPPA,GMPPA,1.0
GNA14,GNA14,1.0
GNG8,GNG8,1.0
PAX5,GOLGA6L22,0.93018574
GOLGA6L22,GOLGA6L22,1.0
GPHA2,GPHA2,0.9997332
GPR12,GPR12,1.0
GPR157,GPR157,0.9999759
GPR183,GPR183,0.9997393
GPR34,GPR34,1.0
GPR88,GPR88,1.0
GRK7,GRK7,1.0
GSN,GSN,0.99962765
GSTP1,GSTP1,1.0
IL1RN,GUCA2B,0.43284044
ASB4,GUCA2B,0.6423878
CD44,GUCA2B,0.75037897
MARCKS,GUCA2B,0.9412844
GUCA2B,GUCA2B,1.0
GUCY2D,GUCY2D,1.0
GYPB,GYPA,0.4914427
GYPA,GYPA,0.999968
GYPA,GYPB,0.4914427
GYPB,GYPB,1.0
GYPE,GYPE,0.99979156
HAL,HAL,1.0
HAMP,HAMP,1.0
HAS1,HAS1,1.0
HBG2,HBA1,0.4180302
HBA2,HBA1,0.47938433
HBZ,HBA1,0.5680671
HBA1,HBA1,1.0
HBA1,HBA2,0.47938433
HBA2,HBA2,1.0
HBB,HBB,1.0
HBD,HBD,0.99971783
HBE1,HBE1,1.0
HBZ,HBG1,0.5123573
HBG2,HBG1,0.6473799
HBG1,HBG1,1.0
HBA1,HBG2,0.4180302
BLVRB,HBG2,0.4315647
HBZ,HBG2,0.62143034
HBG1,HBG2,0.6473799
HBG2,HBG2,1.0
ALAS2,HBZ,0.44020247
BLVRB,HBZ,0.46031365
HBG1,HBZ,0.5123573
HBA1,HBZ,0.5680671
HBG2,HBZ,0.62143034
HBZ,HBZ,0.9999977
HCK,HCK,1.0
HCLS1,HCLS1,0.99981374
HCST,HCST,0.9997361
HDC,HDC,1.0
HECW1,HECW1,1.0
HEPACAM2,HEPACAM2,1.0
HEPH,HEPH,1.0
HERC5,HERC5,1.0
HES1,HES1,0.9999313
HES2,HES2,0.99981
HES7,HES7,1.0
HEY1,HEY1,0.999447
HK2,HK2,0.9998976
MKI67,HMGB2,0.40054822
TOP2B,HMGB2,0.42181584
TPX2,HMGB2,0.42990476
CKS2,HMGB2,0.44277155
CENPF,HMGB2,0.46588057
CKS1B,HMGB2,0.50516087
UBE2S,HMGB2,0.5446897
HMGB2,HMGB2,1.0
HMOX1,HMOX1,1.0
HNF1A,HNF1A,1.0
HNF4A,HNF4A,1.0
HNRNPH1,HNRNPH1,1.0
HOXA13,HOXA13,1.0
HOXB9,HOXB9,1.0
HOXC13,HOXC13,0.9998191
SRGN,HP,0.41495496
NCF1,HP,0.41648197
CLC,HP,0.42958224
HP,HP,1.0
HPGD,HPGD,0.99968237
HPGDS,HPGDS,1.0
HS3ST6,HS3ST6,1.0
HSH2D,HSH2D,0.99982524
PSMA4,HSP90AA1,0.400172
PRDX1,HSP90AA1,0.46681166
HSP90AA1,HSP90AA1,1.0
HSP90B1,HSP90B1,0.999983
HSPA1A,HSPA1A,0.999903
HSPA1B,HSPA1B,1.0
HSPA2,HSPA2,1.0
HSPA5,HSPA5,0.9999369
HSPA6,HSPA6,0.99969524
HSPA8,HSPA8,0.99998087
HSPD1,HSPD1,0.99998957
HTR7,HTR7,1.0
HVCN1,HVCN1,0.9996787
HYDIN,HYDIN,1.0
ID1,ID1,1.0
ID2,ID2,1.0
ID3,ID3,1.0
IDH2,IDH2,0.9999035
IER2,IER2,0.99983954
IER3,IER3,0.9997173
IER5L,IER5L,1.0
IFI30,IFI30,1.0
IFITM2,IFITM2,1.0
IGDCC3,IGDCC3,1.0
IGF1,IGF1,1.0
IGF2,IGF2,1.0
IGFBP2,IGFBP2,1.0
IGFBP4,IGFBP4,0.9997575
IGFBP5,IGFBP5,1.0
IGFL2,IGFL2,1.0
IGSF23,IGSF23,1.0
IGSF6,IGSF6,1.0
IKZF3,IKZF3,1.0
IL17C,IL17C,1.0
IL1B,IL1B,0.999901
OLR1,IL1RN,0.40147796
MARCKS,IL1RN,0.40741205
GUCA2B,IL1RN,0.43284044
TMEM176A,IL1RN,0.55741787
TMEM176B,IL1RN,0.61132735
IL1RN,IL1RN,1.0
IL22RA2,IL22RA2,1.0
IL2RG,IL2RG,1.0
IL32,IL32,1.0
IL3RA,IL3RA,1.0
IL5RA,IL5RA,1.0
IP6K3,IP6K3,1.0
IPCEF1,IPCEF1,1.0
IRF1,IRF1,1.0
IRF2BP2,IRF2BP2,1.0
ISG15,ISG15,0.9999772
ISG20,ISG20,1.0
ISL2,ISL2,1.0
ITGA3,ITGA3,0.999939
ITGAM,ITGAM,0.999909
ITGAX,ITGAX,1.0
PLEK,ITGB2,0.41216728
CSF3R,ITGB2,0.43429923
TYROBP,ITGB2,0.44818062
LST1,ITGB2,0.51416814
ITGB2,ITGB2,0.9998611
ITGB7,ITGB7,1.0
ITLN1,ITLN1,1.0
ITLN2,ITLN2,1.0
ITM2B,ITM2B,0.99992067
ITPRIPL2,ITPRIPL2,1.0
CLC,JAML,0.4026349
JAML,JAML,0.9995748
JCHAIN,JCHAIN,0.9997436
JUN,JUN,1.0
JUNB,JUNB,1.0
KCNH1,KCNH1,1.0
KCNMB1,KCNMB1,0.9997486
KIF18B,KIF18B,0.9996028
KIF2C,KIF2C,0.9999577
KIT,KIT,1.0
KLB,KLB,1.0
KLF1,KLF1,1.0
KLF6,KLF6,0.99981517
KLHDC9,KLHDC9,1.0
KMT2A,KMT2A,1.0
PIF1,KPNA2,0.40480027
TOP2B,KPNA2,0.4164916
KPNA2,KPNA2,0.9999687
KRT18,KRT18,0.9999936
KRT19,KRT19,1.0
COL6A1,KRT79,0.4068811
TRIML2,KRT79,0.43495122
PAEP,KRT79,0.5329639
SH3RF2,KRT79,0.6043659
KRT79,KRT79,1.0
KRT8,KRT8,1.0
ATP9A,LALBA,0.5263767
MRAP,LALBA,0.8907031
LALBA,LALBA,1.0
LAPTM5,LAPTM5,1.0
LAX1,LAX1,1.0
LCK,LCK,1.0
LDHB,LDHB,1.0
LEFTY1,LEFTY1,1.0
LEFTY2,LEFTY2,1.0
LGALS1,LGALS1,1.0
LGALS12,LGALS12,1.0
LGALS3,LGALS3,0.999809
LGALSL,LGALSL,1.0
LGI2,LGI2,1.0
LHX1,LHX1,1.0
ERP27,LILRA1,0.5039352
LILRA1,LILRA1,1.0
LILRB1,LILRB1,1.0
LILRB2,LILRB2,1.0
LIX1,LIX1,1.0
LMO4,LMO4,0.99997544
LMOD3,LMOD3,1.0
LPCAT2,LPCAT2,0.9996305
PMEPA1,LRRC15,0.725289
BMP10,LRRC15,0.7688554
LRRC15,LRRC15,1.0
LRRC39,LRRC39,1.0
LRRC71,LRRC71,0.99973005
LRRC74A,LRRC74A,1.0
LRRC75A,LRRC75A,0.9998755
LSAMP,LSAMP,1.0
GLRX,LST1,0.4021644
COTL1,LST1,0.41171142
CLC,LST1,0.41405308
GLIPR1,LST1,0.4148509
PRG2,LST1,0.42992717
NCF1,LST1,0.45424828
CD84,LST1,0.45677707
PNRC1,LST1,0.48146996
ARHGDIB,LST1,0.4825503
ITGB2,LST1,0.51416814
MYO1F,LST1,0.5186332
MS4A3,LST1,0.5330292
AIF1,LST1,0.5438581
CORO1A,LST1,0.55429953
PLEK,LST1,0.5728332
CEBPE,LST1,0.57896537
CSF3R,LST1,0.58555263
TYROBP,LST1,0.63838
LST1,LST1,0.99993217
LTA,LTA,1.0
LTB,LTB,0.99996936
LTC4S,LTC4S,1.0
LUM,LUM,1.0
LY9,LY9,0.99998987
LYL1,LYL1,0.9999747
LYZ,LYZ,1.0
LYZL4,LYZL4,1.0
MAF,MAF,1.0
MAFF,MAFF,1.0
MAGEB2,MAGEB2,1.0
MAML2,MAML2,1.0
MAOB,MAOB,1.0
MAP2K3,MAP2K3,0.9999696
MAP2K6,MAP2K6,1.0
MAP4K3,MAP4K3,1.0
MAP4K5,MAP4K5,0.99969244
MAP7D1,MAP7D1,0.99986786
MAPK1,MAPK1,0.99997973
IL1RN,MARCKS,0.40741205
ASB4,MARCKS,0.60465735
CD44,MARCKS,0.706309
GUCA2B,MARCKS,0.9412844
MARCKS,MARCKS,1.0
MARCKSL1,MARCKSL1,1.0
MB,MB,1.0
MDGA1,MDGA1,0.99976474
MDK,MDK,0.9999876
MEIS1,MEIS1,1.0
MEP1A,MEP1A,1.0
METTL9,METTL9,0.99989194
MGLL,MGLL,1.0
MIDN,MIDN,0.9999474
HMGB2,MKI67,0.40054822
TOP2B,MKI67,0.42665026
MKI67,MKI67,0.9998877
MME,MME,1.0
MMP2,MMP2,0.9997051
MMP9,MMP9,0.999943
SRGN,MNDA,0.4216233
MNDA,MNDA,1.0
MOBP,MOBP,1.0
MPPED2,MPPED2,0.99950325
MPZL1,MPZL1,1.0
ATP9A,MRAP,0.46881625
LALBA,MRAP,0.8907031
MRAP,MRAP,1.0
MROH8,MROH8,1.0
TYROBP,MS4A3,0.40847635
NCF1,MS4A3,0.41634238
CORO1A,MS4A3,0.41948128
CSF3R,MS4A3,0.4415968
PLEK,MS4A3,0.47658813
CEBPE,MS4A3,0.49272653
LST1,MS4A3,0.5330292
MS4A3,MS4A3,0.99985486
MSH4,MSH4,1.0
MSRB1,MSRB1,1.0
MUC12,MUC12,0.9997434
CNR2,MUC17,0.4233095
NWD1,MUC17,0.5002339
SAMD4A,MUC17,0.66027
GAST,MUC17,0.6708791
ELANE,MUC17,0.89336497
MUC17,MUC17,1.0
C1QB,MUC17,1.0
MUCL1,MUCL1,1.0
MYC,MYC,1.0
MYL10,MYL10,1.0
MYL4,MYL4,0.9999921
MYLK,MYLK,1.0
CEBPE,MYO1F,0.41777384
PLEK,MYO1F,0.42420012
CSF3R,MYO1F,0.44440472
TYROBP,MYO1F,0.46757495
LST1,MYO1F,0.5186332
MYO1F,MYO1F,0.99980056
MYO1G,MYO1G,0.9997501
MYOM1,MYOM1,1.0
MYOM2,MYOM2,1.0
MYOZ2,MYOZ2,1.0
MYOZ3,MYOZ3,1.0
GLIPR1,NCF1,0.41475704
MS4A3,NCF1,0.41634238
HP,NCF1,0.41648197
PRG3,NCF1,0.42716286
CORO1A,NCF1,0.43046874
TYROBP,NCF1,0.43274802
CSF3R,NCF1,0.44654503
PRG2,NCF1,0.45421728
LST1,NCF1,0.45424828
PLEK,NCF1,0.46425012
SRGN,NCF1,0.59680635
CLC,NCF1,0.5979742
NCF1,NCF1,0.99970305
NCF2,NCF2,1.0
YBX1,NCL,0.43211973
SET,NCL,0.44538578
NCL,NCL,1.0
NDRG1,NDRG1,0.99997437
NEFM,NEFM,1.0
NEUROD1,NEUROD1,1.0
NFAM1,NFAM1,1.0
NFASC,NFASC,0.9998469
NGRN,NGRN,0.9999846
NIT1,NIT1,0.9998043
NLRC4,NLRC4,1.0
NOX5,NOX5,0.99991876
NPC2,NPC2,1.0
NPFFR1,NPFFR1,1.0
NR2F2,NR2F2,0.99989206
NR4A1,NR4A1,1.0
NR4A2,NR4A2,1.0
CCDC70,NTM,0.8159731
NTM,NTM,1.0
NTN5,NTN5,0.99991906
NTNG2,NTNG2,1.0
NTRK1,NTRK1,1.0
NTRK3,NTRK3,1.0
NUPR1,NUPR1,1.0
TOP2B,NUSAP1,0.44213215
NUSAP1,NUSAP1,1.0
ELANE,NWD1,0.4468615
C1QB,NWD1,0.5002339
MUC17,NWD1,0.5002339
NWD1,NWD1,1.0
OAZ2,OAZ2,1.0
ODF3,ODF3,1.0
ODF3B,ODF3B,1.0
OGN,OGN,1.0
OLFML3,OLFML3,1.0
IL1RN,OLR1,0.40147796
OLR1,OLR1,1.0
OPTN,OPTN,0.99960726
OR2L13,OR2L13,1.0
PSMB9,OR51E1,0.4290747
PSMB8,OR51E1,0.47352883
OR51E1,OR51E1,1.0
RTP4,OR51E2,0.52695066
OR51E2,OR51E2,1.0
OR8B8,OR8B8,1.0
ORAI3,ORAI3,1.0
TRPM2,ORM1,0.9408496
ORM1,ORM1,1.0
OSR2,OSR2,1.0
OXER1,OXER1,1.0
PNOC,P2RX3,0.78927183
P2RX3,P2RX3,1.0
P2RY14,P2RY14,0.9998618
CLEC4E,P2RY6,0.7003496
P2RY6,P2RY6,1.0
P2RY8,P2RY8,0.999972
SERPINB8,PAEP,0.45972732
APP,PAEP,0.48784715
KRT79,PAEP,0.5329639
TFPI2,PAEP,0.6511548
PAEP,PAEP,1.0
PAG1,PAG1,1.0
PAGE5,PAGE5,1.0
PAPPA,PAPPA,1.0
PARVG,PARVG,1.0
CT45A3,PASD1,0.45044932
PASD1,PASD1,1.0
GOLGA6L22,PAX5,0.93018574
PAX5,PAX5,1.0
PBX1,PBX1,0.99997747
PCDH11Y,PCDH11Y,1.0
PCDH9,PCDH9,1.0
PCED1B,PCED1B,1.0
PDE2A,PDE2A,1.0
PDGFA,PDGFA,1.0
PDGFRA,PDGFRA,1.0
PDLIM3,PDLIM3,1.0
PDPN,PDPN,0.999712
PECAM1,PECAM1,1.0
PFN2,PFN2,0.9997394
PGAM2,PGAM2,1.0
PGAM4,PGAM4,1.0
CGA,PGC,0.44406903
PGC,PGC,1.0
PGD,PGD,1.0
PGM1,PGM1,1.0
PHKG1,PHKG1,1.0
PHLDA1,PHLDA1,0.9996914
PHLDA2,PHLDA2,0.99992305
PHLPP2,PHLPP2,1.0
PI16,PI16,1.0
KPNA2,PIF1,0.40480027
CENPF,PIF1,0.4210853
CDCA8,PIF1,0.4225855
AURKA,PIF1,0.446145
TOP2B,PIF1,0.591416
PIF1,PIF1,1.0
PIM1,PIM1,1.0
PLA2G2C,PLA2G2C,0.9999548
PLA2G2D,PLA2G2D,1.0
PLAC8,PLAC8,1.0
PLAT,PLAT,1.0
PLAUR,PLAUR,0.9997794
PLCG2,PLCG2,0.99985045
PLCL1,PLCL1,1.0
PLD3,PLD3,1.0
PLD4,PLD4,1.0
SRGN,PLEK,0.40492195
ITGB2,PLEK,0.41216728
GLIPR1,PLEK,0.42347407
MYO1F,PLEK,0.42420012
CORO1A,PLEK,0.428597
PNRC1,PLEK,0.43213165
NCF1,PLEK,0.46425012
MS4A3,PLEK,0.47658813
TYROBP,PLEK,0.48226887
CSF3R,PLEK,0.49386767
CEBPE,PLEK,0.5146845
LST1,PLEK,0.5728332
PLEK,PLEK,0.9996958
PLEKHG7,PLEKHG7,1.0
AURKA,PLK1,0.40245298
TOP2B,PLK1,0.4049157
CENPF,PLK1,0.4113464
CDC20,PLK1,0.41136914
UBE2S,PLK1,0.4396122
PLK1,PLK1,1.0
PLK4,PLK4,0.99968773
PLN,PLN,1.0
PLPP1,PLPP1,1.0
PLPP3,PLPP3,1.0
PLPP4,PLPP4,1.0
PMAIP1,PMAIP1,0.9999075
LRRC15,PMEPA1,0.725289
BMP10,PMEPA1,0.9433575
PMEPA1,PMEPA1,1.0
PNMT,PNMT,1.0
P2RX3,PNOC,0.78927183
PNOC,PNOC,1.0
CEBPE,PNRC1,0.4251424
PLEK,PNRC1,0.43213165
TYROBP,PNRC1,0.44074154
CSF3R,PNRC1,0.44360268
LST1,PNRC1,0.48146996
PNRC1,PNRC1,1.0
POU3F2,POU3F2,0.99974483
PPIAL4G,PPIAL4G,1.0
PPP1R14D,PPP1R14D,1.0
PPP1R27,PPP1R27,0.9997605
ALDH3B2,PPP2R2C,0.7768449
PPP2R2C,PPP2R2C,1.0
PRAM1,PRAM1,0.9996505
PRAP1,PRAP1,1.0
PRDM1,PRDM1,0.99976516
PSMB2,PRDX1,0.44038224
PSMA4,PRDX1,0.4507164
HSP90AA1,PRDX1,0.46681166
PSMB1,PRDX1,0.4737726
PRDX1,PRDX1,0.999998
LST1,PRG2,0.42992717
NCF1,PRG2,0.45421728
CLC,PRG2,0.4690999
PRG3,PRG2,0.58347225
PRG2,PRG2,1.0
CLC,PRG3,0.4074138
NCF1,PRG3,0.42716286
PRG2,PRG3,0.58347225
PRG3,PRG3,0.99966425
PRKCB,PRKCB,0.9998011
PROK1,PROK1,0.99993736
PRR9,PRR9,1.0
PRSS2,PRSS2,1.0
ABCB1,PRSS22,0.41187963
PRSS22,PRSS22,1.0
PRSS23,PRSS23,1.0
PRSS35,PRSS35,1.0
PRSS57,PRSS57,0.99995106
PRTG,PRTG,0.9997979
PRX,PRX,0.99963677
HSP90AA1,PSMA4,0.400172
PRDX1,PSMA4,0.4507164
PSMA4,PSMA4,1.0
PRDX1,PSMB1,0.4737726
PSMB1,PSMB1,0.999985
PRDX1,PSMB2,0.44038224
PSMB2,PSMB2,0.99999946
OR51E1,PSMB8,0.47352883
PSMB8,PSMB8,1.0
OR51E1,PSMB9,0.4290747
PSMB9,PSMB9,1.0
PTAFR,PTAFR,1.0
PTGES,PTGES,1.0
PTGIR,PTGIR,0.99957263
PTGS1,PTGS1,0.9997245
PTPN1,PTPN1,1.0
PTPN12,PTPN12,1.0
PTPN13,PTPN13,1.0
PTPN7,PTPN7,1.0
PTPN9,PTPN9,0.99966824
PTPRC,PTPRC,0.99979264
PTPRE,PTPRE,0.9997947
UBE2S,PTTG1,0.40695348
TUBA1B,PTTG1,0.41561097
PTTG1,PTTG1,0.99992555
PTX3,PTX3,1.0
PVALB,PVALB,1.0
PYCARD,PYCARD,1.0
RAB7B,RAB7B,0.9997969
RASAL1,RASAL1,1.0
RASSF2,RASSF2,1.0
RASSF4,RASSF4,1.0
RBP2,RBP2,1.0
RELN,RELN,1.0
REN,REN,1.0
RGL4,RGL4,1.0
ACTC1,RGMA,0.48653296
RGMA,RGMA,1.0
RGS18,RGS18,0.99984604
SPATA12,RGS8,0.4523842
RGS8,RGS8,1.0
RHBDL2,RHBDL2,0.99998134
RHOXF2,RHOXF2,0.9998796
RNASE2,RNASE2,1.0
RNASE3,RNASE3,1.0
RNASET2,RNASET2,1.0
RNF222,RNF222,1.0
RNF223,RNF223,0.99977076
RPS4X,RPL3,0.6223676
RPS6,RPL3,0.68285847
RPL3,RPL3,1.0
RPL3L,RPL3L,0.99958473
RPS6,RPS4X,0.5324364
RPL3,RPS4X,0.6223676
RPS4X,RPS4X,1.0
RPS4X,RPS6,0.5324364
RPL3,RPS6,0.68285847
RPS6,RPS6,1.0
RPS6KA6,RPS6KA6,0.9997543
RRAD,RRAD,0.99994934
RREB1,RREB1,0.9998173
RSAD2,RSAD2,1.0
OR51E2,RTP4,0.52695066
RTP4,RTP4,1.0
RUNX1T1,RUNX1T1,0.9995969
RUNX3,RUNX3,1.0
S100A1,S100A1,0.9996258
S100A11,S100A11,0.999987
S100A13,S100A13,0.9998836
S100A3,S100A3,1.0
S100A4,S100A4,1.0
S100A5,S100A5,0.9998182
S100A7,S100A7,1.0
S100A7A,S100A7A,1.0
S100A8,S100A8,1.0
S100A9,S100A9,1.0
S100B,S100B,1.0
S100P,S100P,1.0
S1PR2,S1PR2,0.99976957
SAMD1,SAMD1,1.0
SAMD11,SAMD11,1.0
GAST,SAMD4A,0.44289297
ELANE,SAMD4A,0.58983266
C1QB,SAMD4A,0.66027
MUC17,SAMD4A,0.66027
SAMD4A,SAMD4A,1.0
SASH3,SASH3,1.0
SAT1,SAT1,1.0
SAT2,SAT2,0.99988884
SCGB3A2,SCGB3A2,1.0
SCN11A,SCN11A,1.0
SCN4B,SCN4B,1.0
SDF2L1,SDF2L1,1.0
SELPLG,SELPLG,0.9999884
SEMA6B,SEMA6B,1.0
SERPINB1,SERPINB1,0.99992204
PAEP,SERPINB8,0.45972732
STC1,SERPINB8,0.4855324
SERPINB8,SERPINB8,1.0
SERPINE1,SERPINE1,0.9997605
YBX1,SET,0.4091112
NCL,SET,0.44538578
SET,SET,1.0
SGCA,SGCA,1.0
SGK1,SGK1,1.0
SGPP2,SGPP2,0.99979585
SGSM1,SGSM1,0.9995992
SH2D2A,SH2D2A,1.0
SH3BGRL,SH3BGRL,1.0
SH3BGRL3,SH3BGRL3,0.9999503
KRT79,SH3RF2,0.6043659
STMN4,SH3RF2,0.651461
CLDN14,SH3RF2,0.796736
DSCAM,SH3RF2,0.7967365
SH3RF2,SH3RF2,1.0
SHISA8,SHISA8,0.99989974
SIGLEC10,SIGLEC10,0.9997705
SIGLEC14,SIGLEC14,1.0
SIGLEC15,SIGLEC15,1.0
SIGLEC7,SIGLEC7,1.0
SIRPB1,SIRPB1,1.0
SIRPB2,SIRPB2,0.99979347
SLA,SLA,0.99979144
SLAMF6,SLAMF6,1.0
SLC15A1,SLC15A1,1.0
SLC16A9,SLC16A9,1.0
SLC17A8,SLC17A8,1.0
SLC25A37,SLC25A37,1.0
SLC25A45,SLC25A45,0.99955004
SLC2A6,SLC2A6,1.0
SLC35F3,SLC35F3,1.0
SLC36A2,SLC36A2,1.0
SLC38A2,SLC38A2,1.0
SLC3A2,SLC3A2,0.9997583
SLC44A1,SLC44A1,0.9999087
SLC44A4,SLC44A4,1.0
SLC4A1,SLC4A1,1.0
SLC4A4,SLC4A4,1.0
SLC52A3,SLC52A3,1.0
SLC5A12,SLC5A12,1.0
SLC6A20,SLC6A20,1.0
SLC6A9,SLC6A9,0.9999247
SLC8A1,SLC8A1,1.0
FGF19,SLCO2A1,0.67435384
SLCO2A1,SLCO2A1,1.0
SLF2,SLF2,1.0
SLPI,SLPI,0.99990124
SMIM1,SMIM1,0.99987346
SMIM10L2A,SMIM10L2A,1.0
SMIM3,SMIM3,1.0
SMIM9,SMIM9,1.0
SMOX,SMOX,0.9997897
TNNI1,SMTNL2,0.6622645
SMTNL2,SMTNL2,1.0
SNAI1,SNAI1,0.9999761
SNCG,SNCG,1.0
SNX20,SNX20,1.0
SOCS1,SOCS1,0.99983555
SOCS2,SOCS2,1.0
SOX21,SOX21,1.0
SOX4,SOX4,1.0
SP6,SP6,0.9996065
RGS8,SPATA12,0.4523842
SPATA12,SPATA12,1.0
SPI1,SPI1,0.9998727
SPOCK1,SPOCK1,1.0
SQSTM1,SQSTM1,0.9998853
SRGAP3,SRGAP3,1.0
CSF3R,SRGN,0.40467831
PLEK,SRGN,0.40492195
HP,SRGN,0.41495496
MNDA,SRGN,0.4216233
CLC,SRGN,0.5106849
NCF1,SRGN,0.59680635
SRGN,SRGN,0.9996877
YBX1,SRM,0.4714803
SRM,SRM,0.99998516
SRPX,SRPX,1.0
SSTR3,SSTR3,1.0
ST3GAL6,ST3GAL6,1.0
SERPINB8,STC1,0.4855324
STC1,STC1,1.0
STIL,STIL,1.0
SH3RF2,STMN4,0.651461
CLDN14,STMN4,0.81770295
DSCAM,STMN4,0.8177034
STMN4,STMN4,1.0
STOX2,STOX2,1.0
STRA6,STRA6,1.0
STX11,STX11,1.0
SUCNR1,SUCNR1,1.0
SULT1C2,SULT1C2,0.99980855
SULT2A1,SULT2A1,1.0
SV2B,SV2B,1.0
SVIP,SVIP,0.9999086
SWAP70,SWAP70,0.9999571
SYNE1,SYNE1,1.0
SYNPO2,SYNPO2,1.0
SYT13,SYT13,0.9994766
SYT4,SYT4,1.0
TAC3,TAC3,0.99977756
TAF1A,TAF1A,1.0
TAGAP,TAGAP,1.0
TAS2R60,TAS2R60,1.0
TBX2,TBX2,1.0
AVP,TBX3,0.45009813
TBX3,TBX3,0.99988526
TCF23,TCF23,0.999822
TCTE1,TCTE1,1.0
TESC,TESC,1.0
TEX13D,TEX13D,1.0
TFF1,TFF1,1.0
TFF3,TFF3,1.0
APP,TFPI2,0.5663944
PAEP,TFPI2,0.6511548
TFPI2,TFPI2,1.0
TGFBR2,TGFBR2,1.0
THBS1,THBS1,0.9997847
THY1,THY1,1.0
TIMP1,TIMP1,1.0
TIMP2,TIMP2,0.99984777
TIMP4,TIMP4,1.0
TLN1,TLN1,0.99993235
TLR4,TLR4,1.0
TMEM247,TM4SF1,0.6596548
TM4SF1,TM4SF1,1.0
TMEM150C,TMEM150C,0.99994737
TMEM158,TMEM158,1.0
IL1RN,TMEM176A,0.55741787
TMEM176B,TMEM176A,0.7198999
TMEM176A,TMEM176A,1.0
IL1RN,TMEM176B,0.61132735
TMEM176A,TMEM176B,0.7198999
TMEM176B,TMEM176B,1.0
TMEM233,TMEM233,0.99979424
TM4SF1,TMEM247,0.6596548
TMEM247,TMEM247,1.0
TMEM255B,TMEM255B,1.0
TMEM266,TMEM266,0.99985373
TMEM52B,TMEM52B,1.0
TMEM54,TMEM54,0.9999759
TMEM71,TMEM71,1.0
TMPRSS11A,TMPRSS11A,1.0
TMSB10,TMSB10,1.0
TMSB4X,TMSB4X,1.0
TNF,TNF,1.0
TNFAIP6,TNFAIP6,1.0
TNFAIP8,TNFAIP8,0.99988395
TNFRSF10D,TNFRSF10D,1.0
TNFRSF12A,TNFRSF12A,0.9999437
TNFRSF9,TNFRSF9,1.0
TNFSF10,TNFSF10,0.99993783
TNFSF15,TNFSF15,1.0
TNIP3,TNIP3,1.0
SMTNL2,TNNI1,0.6622645
TNNI1,TNNI1,1.0
TNNI2,TNNI2,0.9997693
TNNI3,TNNI3,0.99975467
TNNT2,TNNT2,1.0
TNNT3,TNNT3,1.0
TOMM20L,TOMM20L,1.0
ASPM,TOP2B,0.40151533
PLK1,TOP2B,0.4049157
CKS1B,TOP2B,0.41119945
KPNA2,TOP2B,0.4164916
HMGB2,TOP2B,0.42181584
MKI67,TOP2B,0.42665026
UBE2S,TOP2B,0.42857778
NUSAP1,TOP2B,0.44213215
TPX2,TOP2B,0.45005494
CDCA8,TOP2B,0.45148432
AURKA,TOP2B,0.46462306
CENPF,TOP2B,0.49716267
PIF1,TOP2B,0.591416
TOP2B,TOP2B,1.0
TP53AIP1,TP53AIP1,1.0
TP53INP1,TP53INP1,0.99958205
TP73,TP73,0.9999397
TPM4,TPM4,1.0
TPPP,TPPP,1.0
CENPF,TPX2,0.4288728
HMGB2,TPX2,0.42990476
UBE2S,TPX2,0.44708267
TOP2B,TPX2,0.45005494
TPX2,TPX2,0.99988306
TRAF1,TRAF1,1.0
TRIM29,TRIM29,1.0
KRT79,TRIML2,0.43495122
TRIML2,TRIML2,1.0
ORM1,TRPM2,0.9408496
TRPM2,TRPM2,1.0
TRPM4,TRPM4,0.999765
TRPM6,TRPM6,1.0
TSC22D1,TSC22D1,0.99984884
TSGA13,TSGA13,1.0
TSPAN16,TSPAN16,1.0
TSSK4,TSSK4,1.0
TUBA1A,TUBA1A,1.0
UBE2S,TUBA1B,0.40174565
PTTG1,TUBA1B,0.41561097
TUBA1B,TUBA1B,1.0
TUBB1,TUBB1,1.0
TXNIP,TXNIP,1.0
CEBPE,TYROBP,0.40045363
MS4A3,TYROBP,0.40847635
GLIPR1,TYROBP,0.4233413
NCF1,TYROBP,0.43274802
PNRC1,TYROBP,0.44074154
ITGB2,TYROBP,0.44818062
CD84,TYROBP,0.45339307
ARHGDIB,TYROBP,0.45360792
AIF1,TYROBP,0.46367088
MYO1F,TYROBP,0.46757495
PLEK,TYROBP,0.48226887
CORO1A,TYROBP,0.48984745
CSF3R,TYROBP,0.56432456
LST1,TYROBP,0.63838
TYROBP,TYROBP,0.9996484
UBASH3A,UBASH3A,0.9996325
UBASH3B,UBASH3B,0.99995786
UBC,UBC,0.9999705
TUBA1B,UBE2S,0.40174565
PTTG1,UBE2S,0.40695348
TOP2B,UBE2S,0.42857778
PLK1,UBE2S,0.4396122
TPX2,UBE2S,0.44708267
CDC20,UBE2S,0.4584712
CKS2,UBE2S,0.48543966
CKS1B,UBE2S,0.507477
CENPF,UBE2S,0.5079334
HMGB2,UBE2S,0.5446897
UBE2S,UBE2S,1.0
UCMA,UCMA,1.0
UCP2,UCP2,0.9998553
UNC5B,UNC5B,1.0
UPP1,UPP1,0.9998823
USP20,USP20,0.9999232
UTRN,UTRN,1.0
VAMP8,VAMP8,0.9999989
VASH2,VASH2,1.0
VASN,VASN,0.99989176
VGF,VGF,1.0
VIM,VIM,1.0
VNN2,VNN2,1.0
VSIG4,VSIG4,0.99979854
VTN,VTN,1.0
VWC2,VWC2,1.0
WDR49,WDR49,1.0
WFDC12,WFDC12,1.0
WNT6,WNT6,1.0
XKR4,XKR4,1.0
SET,YBX1,0.4091112
NCL,YBX1,0.43211973
SRM,YBX1,0.4714803
YBX1,YBX1,1.0
YPEL3,YPEL3,1.0
YPEL4,YPEL4,0.9999483
ZBTB1,ZBTB1,1.0
ZBTB10,ZBTB10,1.0
ZBTB25,ZBTB25,0.999842
ZC3HAV1,ZC3HAV1,1.0
ZEB1,ZEB1,0.99995244
ZFP36L1,ZFP36L1,0.9998401
ZFP36L2,ZFP36L2,0.9999849
ZMAT3,ZMAT3,0.9997242
ZMAT4,ZMAT4,1.0
ZMYND15,ZMYND15,1.0
ZNF318,ZNF318,0.9997078
ZNF483,ZNF483,1.0
ZNF492,ZNF492,1.0
ZNF556,ZNF556,0.9997387
ZNF570,ZNF570,1.0
ZNF677,ZNF677,1.0
ZNF738,ZNF738,1.0
ZNF844,ZNF844,0.9996046
